{"Alaska": [10.08755209780495, -2467.429665647867], "Alabama": [32.013614893025846, -7454.741511530982], "Arkansas": [21.9141428174493, -4976.744345651572], "Arizona": [85.84034454015006, -22488.479744373442], "California": [330.0081967213116, -86564.45628415304], "Colorado": [84.03448180050015, -21233.665814578126], "Connecticut": [31.231203111975564, -7902.2499675835925], "District of Columbia": [3.4832453459294257, -883.6661943132353], "Delaware": [10.174159488746877, -2639.3858386588877], "Florida": [127.46571269797171, -31311.873826062812], "Georgia": [51.83231453181441, -12084.405056960273], "Hawaii": [0.26018338427340937, 18.17691025284799], "Iowa": [36.186607390941944, -7982.722839677693], "Idaho": [14.728952486801894, -3184.7484115958155], "Illinois": [151.06479577660468, -35779.291710660385], "Indiana": [107.1607113086969, -26799.859257201086], "Kansas": [34.98055015282024, -8362.86926924146], "Kentucky": [46.30408446790777, -11337.6324534593], "Louisiana": [41.31903306474022, -10653.560072242293], "Massachusetts": [65.69602667407617, -17013.133055478385], "Maryland": [41.78146707418728, -10656.351384643885], "Maine": [4.3110586273965, -1118.9681392979535], "Michigan": [120.8636843567658, -30298.636621283695], "Minnesota": [109.22981383717703, -27551.847772529418], "Missouri": [57.53298138371771, -13212.664777252945], "Mississippi": [19.80366768546819, -4688.328461609708], "Montana": [7.43167546540706, -1287.9367139020105], "North Carolina": [49.18863573214782, -11373.093377790128], "North Dakota": [3.6963601000277864, -101.3629156247107], "Nebraska": [26.735259794387336, -6232.557710475134], "New Hampshire": [11.938899694359547, -3167.7614615170887], "New Jersey": [91.81447624340097, -23459.940872464584], "New Mexico": [33.80405668241178, -8507.67440955821], "Nevada": [39.858544040011125, -10125.831832916554], "New York": [144.14506807446514, -37669.54720755766], "Ohio": [159.06276743539877, -40843.65450588128], "Oklahoma": [45.08263406501807, -11015.855895156066], "Oregon": [23.932092247846633, -6113.974039084934], "Pennsylvania": [145.144290080578, -37826.388644994004], "Puerto Rico": [8.811308696860241, -2033.9905344077065], "Rhode Island": [15.733009169213675, -3948.689487820692], "South Carolina": [22.04701305918311, -5076.0436139668445], "South Dakota": [6.031536537927205, -744.7131610632592], "Tennessee": [54.40058349541542, -12529.98558858943], "Texas": [186.70980828007788, -44456.289497082544], "Utah": [39.38024451236456, -9151.230786329541], "Virginia": [33.97677132536817, -8146.908632027418], "Vermont": [2.213614893025841, -587.7081781976476], "Washington": [46.98716310086136, -12007.75038436603], "Wisconsin": [33.624090025006964, -4694.690728906182], "West Virginia": [18.514337315921093, -4729.117319625822], "Wyoming": [9.32081133648236, -2208.074881911643]}